INSERT INTO public.application (id, date, loading_address, unloading_address, weight, payment, customer_id, carrier_id, loading_type) VALUES (10, '2018-11-22 06:53:47.022525', 'Kazan', 'Moskow', 10000, 30000, 7, null, 'with sides');
INSERT INTO public.application (id, date, loading_address, unloading_address, weight, payment, customer_id, carrier_id, loading_type) VALUES (11, '2018-11-22 06:55:49.998541', 'Kazan', 'Chebocksary', 15000, 60000, 7, null, 'without gates');
INSERT INTO public.application (id, date, loading_address, unloading_address, weight, payment, customer_id, carrier_id, loading_type) VALUES (13, '2018-11-22 09:37:50.098530', 'Kazan', 'Ekb', 1000, 10000, 7, null, 'tail lift');
INSERT INTO public.application (id, date, loading_address, unloading_address, weight, payment, customer_id, carrier_id, loading_type) VALUES (14, '2018-11-22 11:31:16.816589', 'ugf', 'jkgh', 7, 7, 8, null, 'top');
INSERT INTO public.application (id, date, loading_address, unloading_address, weight, payment, customer_id, carrier_id, loading_type) VALUES (6, '2018-11-18 19:14:54.952000', 'Kazan,Fuchika 88', 'Chelny , Prospect Mira 10', 10000, 15000, 6, null, 'top');
INSERT INTO public.application (id, date, loading_address, unloading_address, weight, payment, customer_id, carrier_id, loading_type) VALUES (8, '2018-11-18 13:14:54.952000', 'Ekaterinburg', 'Moskow', 20000, 100000, 6, null, 'top');
INSERT INTO public.application (id, date, loading_address, unloading_address, weight, payment, customer_id, carrier_id, loading_type) VALUES (7, '2018-11-18 19:14:54.952000', 'Kazan', 'Moskow', 15000, 20000, 6, null, 'back');
INSERT INTO public.application (id, date, loading_address, unloading_address, weight, payment, customer_id, carrier_id, loading_type) VALUES (12, '2018-11-22 08:30:18.072959', 'Akibastus', 'Ulan-ude', 10000, 150000, 7, null, 'top');
INSERT INTO public.application (id, date, loading_address, unloading_address, weight, payment, customer_id, carrier_id, loading_type) VALUES (15, '2018-12-10 10:45:57.678431', 'Kazan', 'Moskow', 20000, 15000, 9, null, 'side');
INSERT INTO public.application (id, date, loading_address, unloading_address, weight, payment, customer_id, carrier_id, loading_type) VALUES (16, '2018-12-10 11:00:42.436986', 'Kazan', 'Chebocksary', 10000, 20000, 9, null, 'back');
INSERT INTO public.application (id, date, loading_address, unloading_address, weight, payment, customer_id, carrier_id, loading_type) VALUES (17, '2018-12-24 10:43:45.203495', 'Kazan', 'Moskow', 15, 15500, 7, null, 'without gates');
INSERT INTO public.application (id, date, loading_address, unloading_address, weight, payment, customer_id, carrier_id, loading_type) VALUES (18, '2018-12-24 10:59:25.189950', 'Kazan', 'Chebocksary', 15000, 15500, 7, null, 'tail lift');
INSERT INTO public.application (id, date, loading_address, unloading_address, weight, payment, customer_id, carrier_id, loading_type) VALUES (19, '2018-12-24 10:59:57.622407', 'Kazan', 'Ekaterinburg', 10000, 20000, 7, null, 'with full removable curtains');
INSERT INTO public.application (id, date, loading_address, unloading_address, weight, payment, customer_id, carrier_id, loading_type) VALUES (20, '2018-12-24 11:30:04.534340', 'Kazan', 'Ekaterinburd', 10000, 12000, 9, null, 'side');
INSERT INTO public.application (id, date, loading_address, unloading_address, weight, payment, customer_id, carrier_id, loading_type) VALUES (21, '2018-12-24 11:30:14.268757', 'Kazan', 'Ekaterinburd', 10000, 12000, 9, null, 'side');
INSERT INTO public.application (id, date, loading_address, unloading_address, weight, payment, customer_id, carrier_id, loading_type) VALUES (22, '2018-12-24 11:30:15.095559', 'Kazan', 'Ekaterinburd', 10000, 12000, 9, null, 'side');
INSERT INTO public.application (id, date, loading_address, unloading_address, weight, payment, customer_id, carrier_id, loading_type) VALUES (23, '2018-12-24 11:30:15.235959', 'Kazan', 'Ekaterinburd', 10000, 12000, 9, null, 'side');
INSERT INTO public.application (id, date, loading_address, unloading_address, weight, payment, customer_id, carrier_id, loading_type) VALUES (24, '2018-12-24 11:30:57.356033', 'Kazan', 'Ekaterinburd', 10000, 12000, 9, null, 'side');
INSERT INTO public.auth_cookie (id, cookie_value, user_id) VALUES (1, 'df792360-d1e8-4dbb-9dec-c8e6dba4770e', 1);
INSERT INTO public.auth_cookie (id, cookie_value, user_id) VALUES (2, '0709fc5b-60cf-43cb-94f1-6b51fe98397b', 1);
INSERT INTO public.auth_cookie (id, cookie_value, user_id) VALUES (3, '1038f84e-a37f-4c15-8a47-0278aeec088c', 3);
INSERT INTO public.auth_cookie (id, cookie_value, user_id) VALUES (4, '0fa20aec-1836-4298-ae4b-ccdd72a752f5', 1);
INSERT INTO public.auth_cookie (id, cookie_value, user_id) VALUES (5, '3fb8b90f-2884-4c61-97c4-e249fa3bc61b', 16);
INSERT INTO public.auth_cookie (id, cookie_value, user_id) VALUES (6, '38865042-a6b4-40be-a86f-2520fec89dc3', 16);
INSERT INTO public.auth_cookie (id, cookie_value, user_id) VALUES (7, '9874dac0-b8c8-4c36-98f5-616985cf130b', 16);
INSERT INTO public.auth_cookie (id, cookie_value, user_id) VALUES (8, 'e8435c07-a8d2-4b71-b583-1494000d7c95', 16);
INSERT INTO public.auth_cookie (id, cookie_value, user_id) VALUES (9, '4d5bb736-fac0-4059-9428-edde0d1914ce', 16);
INSERT INTO public.auth_cookie (id, cookie_value, user_id) VALUES (10, '576fdf79-93d8-4979-a1e1-669a5da52046', 16);
INSERT INTO public.auth_cookie (id, cookie_value, user_id) VALUES (11, '0d7c4382-719b-453c-9192-4930f3878d4d', 16);
INSERT INTO public.auth_cookie (id, cookie_value, user_id) VALUES (12, 'e3b8ef98-9a33-47b0-bb44-4a919974773f', 16);
INSERT INTO public.auth_cookie (id, cookie_value, user_id) VALUES (13, 'daab3469-8a69-4f5d-980d-d38c02d5bc26', 17);
INSERT INTO public.auth_cookie (id, cookie_value, user_id) VALUES (14, '0bb5f921-a49a-409d-b65c-385c61b5ff8d', 16);
INSERT INTO public.auth_cookie (id, cookie_value, user_id) VALUES (15, 'caf22cd9-6266-479d-8350-f5916d29fdd0', 17);
INSERT INTO public.auth_cookie (id, cookie_value, user_id) VALUES (16, 'ab2feacb-193f-4230-962a-d1aaca0b5bbc', 16);
INSERT INTO public.auth_cookie (id, cookie_value, user_id) VALUES (17, '184a139e-da8e-445f-9489-22c37e340fbc', 1);
INSERT INTO public.auth_cookie (id, cookie_value, user_id) VALUES (18, 'a5a74ffe-14df-48cc-9ce8-8b06786c4dd6', 16);
INSERT INTO public.auth_cookie (id, cookie_value, user_id) VALUES (19, 'e123464d-1771-4b0a-a223-337e14143ed6', 16);
INSERT INTO public.auth_cookie (id, cookie_value, user_id) VALUES (20, 'e13d716f-7397-4d9c-a11d-99f25b7a0cc2', 16);
INSERT INTO public.auth_cookie (id, cookie_value, user_id) VALUES (21, 'e6c244e0-2bcb-434f-9cee-8e5a4d1b8e2c', 16);
INSERT INTO public.auth_cookie (id, cookie_value, user_id) VALUES (22, 'b57e2772-a65c-4acd-afd1-e999a887b6d8', 16);
INSERT INTO public.auth_cookie (id, cookie_value, user_id) VALUES (23, 'c9dd244d-523a-486c-946c-49e23b9dc1ea', 2);
INSERT INTO public.auth_cookie (id, cookie_value, user_id) VALUES (24, '28b34d17-a26e-4f9f-a3f6-2a508925d93c', 18);
INSERT INTO public.auth_cookie (id, cookie_value, user_id) VALUES (25, '6ee8c1f6-07b9-471e-9c87-0038c3f0daac', 1);
INSERT INTO public.auth_cookie (id, cookie_value, user_id) VALUES (26, 'c130e014-2f32-4545-8dd7-e173b7b09105', 1);
INSERT INTO public.auth_cookie (id, cookie_value, user_id) VALUES (27, '9e2ddb1f-05d3-4158-8f54-6bd57fbe5de8', 19);
INSERT INTO public.auth_cookie (id, cookie_value, user_id) VALUES (28, 'b5f0c1ca-2677-4fc9-b18b-9c4fb018fd50', 1);
INSERT INTO public.auth_cookie (id, cookie_value, user_id) VALUES (29, 'c9a4b43f-fe13-43b5-a451-ea50dd209dde', 1);
INSERT INTO public.auth_cookie (id, cookie_value, user_id) VALUES (30, 'c72142b0-05cb-4304-ac59-15c0df382d20', 1);
INSERT INTO public.auth_cookie (id, cookie_value, user_id) VALUES (31, 'f69e4925-2a81-462a-8261-9ad63bd8eb62', 21);
INSERT INTO public.auth_cookie (id, cookie_value, user_id) VALUES (32, '5310a950-0dca-4d8c-a6f6-cfc339b6fe33', 21);
INSERT INTO public.auth_cookie (id, cookie_value, user_id) VALUES (33, '9daa2db2-7a56-488b-9a6f-c9ed894dce2b', 21);
INSERT INTO public.auth_cookie (id, cookie_value, user_id) VALUES (34, 'eb48ec94-003d-4bf8-9b7f-8ca4c78bcac4', 21);
INSERT INTO public.auth_cookie (id, cookie_value, user_id) VALUES (35, '1ecc7dd4-29af-4049-be59-d1e04abc56bf', 22);
INSERT INTO public.auth_cookie (id, cookie_value, user_id) VALUES (36, '2a591a0d-bce2-4709-ae1b-aaf5503d85db', 21);
INSERT INTO public.auth_cookie (id, cookie_value, user_id) VALUES (37, '5e3f99f0-c62a-42d5-b0a2-03f82d41b58d', 21);
INSERT INTO public.auth_cookie (id, cookie_value, user_id) VALUES (38, '5f0679b2-6736-4462-b5d6-d3f0bcca6870', 1);
INSERT INTO public.auth_cookie (id, cookie_value, user_id) VALUES (39, '2f0303ab-b2fa-4868-bab5-ea9fb644afbe', 1);
INSERT INTO public.auth_cookie (id, cookie_value, user_id) VALUES (40, 'cefe221f-90e5-40a8-9eb9-5f83c4a40435', 23);
INSERT INTO public.auth_cookie (id, cookie_value, user_id) VALUES (41, '82f04902-9ad2-4531-86fb-ab01867c42bb', 19);
INSERT INTO public.auth_cookie (id, cookie_value, user_id) VALUES (42, 'ca08bcc1-ac0d-4787-9f57-1df3cfbb03c3', 18);
INSERT INTO public.auth_cookie (id, cookie_value, user_id) VALUES (43, '94a61037-241d-4cb2-92fa-652325f36f74', 19);
INSERT INTO public.auth_cookie (id, cookie_value, user_id) VALUES (44, 'c0c5823b-97be-43d4-a31d-946534da0871', 21);
INSERT INTO public.auth_cookie (id, cookie_value, user_id) VALUES (45, 'f8f9d2cb-549d-4c3c-86d2-eed11bd3f8af', 23);
INSERT INTO public.auth_cookie (id, cookie_value, user_id) VALUES (46, '162b7f45-60a7-4891-a7fc-ec4dd4f00dea', 21);
INSERT INTO public.auth_cookie (id, cookie_value, user_id) VALUES (47, '20cd49b4-a3fc-4955-9ad3-9366d0466f6f', 21);
INSERT INTO public.auth_cookie (id, cookie_value, user_id) VALUES (48, 'facf80ec-5060-4748-b682-ae4bcd9211dd', 21);
INSERT INTO public.auth_cookie (id, cookie_value, user_id) VALUES (49, '9df15fae-2127-46cc-b0b6-8e5b763dae62', 21);
INSERT INTO public.auth_cookie (id, cookie_value, user_id) VALUES (50, 'bbe393f1-47a7-4adf-909c-7ed97b84ff0d', 21);
INSERT INTO public.auth_cookie (id, cookie_value, user_id) VALUES (51, '14c4d571-8434-4402-a4fc-c6c751468010', 21);
INSERT INTO public.auth_cookie (id, cookie_value, user_id) VALUES (52, 'c804f0e2-18f9-4e86-bdb3-dedf27ee4cbf', 24);
INSERT INTO public.auth_cookie (id, cookie_value, user_id) VALUES (53, '04fad022-1212-4df7-ae70-4a0d441392c1', 23);
INSERT INTO public.basket (id, user_id) VALUES (1, 16);
INSERT INTO public.basket (id, user_id) VALUES (12, 16);
INSERT INTO public.basket (id, user_id) VALUES (13, 16);
INSERT INTO public.basket (id, user_id) VALUES (14, 16);
INSERT INTO public.basket (id, user_id) VALUES (15, 16);
INSERT INTO public.basket (id, user_id) VALUES (16, 16);
INSERT INTO public.basket (id, user_id) VALUES (17, 16);
INSERT INTO public.basket (id, user_id) VALUES (18, 16);
INSERT INTO public.basket (id, user_id) VALUES (19, 16);
INSERT INTO public.basket (id, user_id) VALUES (20, 16);
INSERT INTO public.basket (id, user_id) VALUES (21, 16);
INSERT INTO public.basket (id, user_id) VALUES (22, 16);
INSERT INTO public.basket (id, user_id) VALUES (23, 16);
INSERT INTO public.basket (id, user_id) VALUES (24, 16);
INSERT INTO public.basket (id, user_id) VALUES (25, 16);
INSERT INTO public.basket (id, user_id) VALUES (26, 16);
INSERT INTO public.basket (id, user_id) VALUES (27, 16);
INSERT INTO public.basket (id, user_id) VALUES (28, 16);
INSERT INTO public.basket (id, user_id) VALUES (29, 16);
INSERT INTO public.basket (id, user_id) VALUES (30, 16);
INSERT INTO public.basket (id, user_id) VALUES (31, 16);
INSERT INTO public.basket (id, user_id) VALUES (32, 16);
INSERT INTO public.basket (id, user_id) VALUES (33, 16);
INSERT INTO public.basket (id, user_id) VALUES (34, 16);
INSERT INTO public.basket (id, user_id) VALUES (35, 17);
INSERT INTO public.basket (id, user_id) VALUES (36, 17);
INSERT INTO public.basket (id, user_id) VALUES (37, 17);
INSERT INTO public.basket (id, user_id) VALUES (38, 1);
INSERT INTO public.basket (id, user_id) VALUES (39, 2);
INSERT INTO public.basket (id, user_id) VALUES (40, 18);
INSERT INTO public.basket (id, user_id) VALUES (41, 19);
INSERT INTO public.basket (id, user_id) VALUES (42, 19);
INSERT INTO public.basket (id, user_id) VALUES (43, 1);
INSERT INTO public.basket (id, user_id) VALUES (44, 1);
INSERT INTO public.basket (id, user_id) VALUES (45, 19);
INSERT INTO public.basket (id, user_id) VALUES (46, 1);
INSERT INTO public.basket (id, user_id) VALUES (47, 1);
INSERT INTO public.basket (id, user_id) VALUES (48, 1);
INSERT INTO public.basket (id, user_id) VALUES (49, 1);
INSERT INTO public.basket (id, user_id) VALUES (50, 1);
INSERT INTO public.basket (id, user_id) VALUES (51, 1);
INSERT INTO public.basket (id, user_id) VALUES (52, 1);
INSERT INTO public.basket (id, user_id) VALUES (53, 1);
INSERT INTO public.basket (id, user_id) VALUES (54, 1);
INSERT INTO public.basket (id, user_id) VALUES (55, 19);
INSERT INTO public.basket (id, user_id) VALUES (56, 21);
INSERT INTO public.basket (id, user_id) VALUES (57, 22);
INSERT INTO public.basket (id, user_id) VALUES (58, 23);
INSERT INTO public.basket_product (basket_id, product_id) VALUES (38, 1);
INSERT INTO public.basket_product (basket_id, product_id) VALUES (34, 1);
INSERT INTO public.basket_product (basket_id, product_id) VALUES (34, 1);
INSERT INTO public.basket_product (basket_id, product_id) VALUES (40, 1);
INSERT INTO public.basket_product (basket_id, product_id) VALUES (41, 1);
INSERT INTO public.basket_product (basket_id, product_id) VALUES (56, 6);
INSERT INTO public.basket_product (basket_id, product_id) VALUES (38, 2);
INSERT INTO public.basket_product (basket_id, product_id) VALUES (34, 2);
INSERT INTO public.basket_product (basket_id, product_id) VALUES (34, 6);
INSERT INTO public.basket_product (basket_id, product_id) VALUES (40, 1);
INSERT INTO public.basket_product (basket_id, product_id) VALUES (41, 1);
INSERT INTO public.basket_product (basket_id, product_id) VALUES (56, 5);
INSERT INTO public.basket_product (basket_id, product_id) VALUES (25, 2);
INSERT INTO public.basket_product (basket_id, product_id) VALUES (38, 3);
INSERT INTO public.basket_product (basket_id, product_id) VALUES (34, 3);
INSERT INTO public.basket_product (basket_id, product_id) VALUES (34, 6);
INSERT INTO public.basket_product (basket_id, product_id) VALUES (40, 2);
INSERT INTO public.basket_product (basket_id, product_id) VALUES (41, 1);
INSERT INTO public.basket_product (basket_id, product_id) VALUES (56, 6);
INSERT INTO public.basket_product (basket_id, product_id) VALUES (26, 1);
INSERT INTO public.basket_product (basket_id, product_id) VALUES (38, 2);
INSERT INTO public.basket_product (basket_id, product_id) VALUES (34, 2);
INSERT INTO public.basket_product (basket_id, product_id) VALUES (34, 2);
INSERT INTO public.basket_product (basket_id, product_id) VALUES (40, 2);
INSERT INTO public.basket_product (basket_id, product_id) VALUES (41, 5);
INSERT INTO public.basket_product (basket_id, product_id) VALUES (56, 5);
INSERT INTO public.basket_product (basket_id, product_id) VALUES (25, 1);
INSERT INTO public.basket_product (basket_id, product_id) VALUES (38, 1);
INSERT INTO public.basket_product (basket_id, product_id) VALUES (34, 3);
INSERT INTO public.basket_product (basket_id, product_id) VALUES (34, 2);
INSERT INTO public.basket_product (basket_id, product_id) VALUES (40, 2);
INSERT INTO public.basket_product (basket_id, product_id) VALUES (41, 6);
INSERT INTO public.basket_product (basket_id, product_id) VALUES (56, 6);
INSERT INTO public.basket_product (basket_id, product_id) VALUES (26, 1);
INSERT INTO public.basket_product (basket_id, product_id) VALUES (38, 2);
INSERT INTO public.basket_product (basket_id, product_id) VALUES (34, 3);
INSERT INTO public.basket_product (basket_id, product_id) VALUES (34, 1);
INSERT INTO public.basket_product (basket_id, product_id) VALUES (40, 2);
INSERT INTO public.basket_product (basket_id, product_id) VALUES (41, 6);
INSERT INTO public.basket_product (basket_id, product_id) VALUES (56, 5);
INSERT INTO public.basket_product (basket_id, product_id) VALUES (26, 1);
INSERT INTO public.basket_product (basket_id, product_id) VALUES (38, 2);
INSERT INTO public.basket_product (basket_id, product_id) VALUES (34, 4);
INSERT INTO public.basket_product (basket_id, product_id) VALUES (34, 2);
INSERT INTO public.basket_product (basket_id, product_id) VALUES (34, 3);
INSERT INTO public.basket_product (basket_id, product_id) VALUES (40, 1);
INSERT INTO public.basket_product (basket_id, product_id) VALUES (41, 1);
INSERT INTO public.basket_product (basket_id, product_id) VALUES (56, 5);
INSERT INTO public.basket_product (basket_id, product_id) VALUES (26, 1);
INSERT INTO public.basket_product (basket_id, product_id) VALUES (38, 2);
INSERT INTO public.basket_product (basket_id, product_id) VALUES (34, 4);
INSERT INTO public.basket_product (basket_id, product_id) VALUES (39, 1);
INSERT INTO public.basket_product (basket_id, product_id) VALUES (40, 5);
INSERT INTO public.basket_product (basket_id, product_id) VALUES (41, 2);
INSERT INTO public.basket_product (basket_id, product_id) VALUES (56, 5);
INSERT INTO public.basket_product (basket_id, product_id) VALUES (26, 1);
INSERT INTO public.basket_product (basket_id, product_id) VALUES (38, 3);
INSERT INTO public.basket_product (basket_id, product_id) VALUES (34, 4);
INSERT INTO public.basket_product (basket_id, product_id) VALUES (39, 1);
INSERT INTO public.basket_product (basket_id, product_id) VALUES (40, 1);
INSERT INTO public.basket_product (basket_id, product_id) VALUES (41, 5);
INSERT INTO public.basket_product (basket_id, product_id) VALUES (56, 5);
INSERT INTO public.basket_product (basket_id, product_id) VALUES (25, 3);
INSERT INTO public.basket_product (basket_id, product_id) VALUES (38, 3);
INSERT INTO public.basket_product (basket_id, product_id) VALUES (34, 4);
INSERT INTO public.basket_product (basket_id, product_id) VALUES (39, 2);
INSERT INTO public.basket_product (basket_id, product_id) VALUES (40, 1);
INSERT INTO public.basket_product (basket_id, product_id) VALUES (41, 5);
INSERT INTO public.basket_product (basket_id, product_id) VALUES (57, 2);
INSERT INTO public.basket_product (basket_id, product_id) VALUES (26, 1);
INSERT INTO public.basket_product (basket_id, product_id) VALUES (38, 3);
INSERT INTO public.basket_product (basket_id, product_id) VALUES (34, 4);
INSERT INTO public.basket_product (basket_id, product_id) VALUES (34, 4);
INSERT INTO public.basket_product (basket_id, product_id) VALUES (39, 3);
INSERT INTO public.basket_product (basket_id, product_id) VALUES (40, 1);
INSERT INTO public.basket_product (basket_id, product_id) VALUES (41, 1);
INSERT INTO public.basket_product (basket_id, product_id) VALUES (57, 5);
INSERT INTO public.basket_product (basket_id, product_id) VALUES (26, 1);
INSERT INTO public.basket_product (basket_id, product_id) VALUES (38, 2);
INSERT INTO public.basket_product (basket_id, product_id) VALUES (34, 3);
INSERT INTO public.basket_product (basket_id, product_id) VALUES (39, 1);
INSERT INTO public.basket_product (basket_id, product_id) VALUES (40, 4);
INSERT INTO public.basket_product (basket_id, product_id) VALUES (41, 6);
INSERT INTO public.basket_product (basket_id, product_id) VALUES (57, 6);
INSERT INTO public.basket_product (basket_id, product_id) VALUES (26, 1);
INSERT INTO public.basket_product (basket_id, product_id) VALUES (38, 1);
INSERT INTO public.basket_product (basket_id, product_id) VALUES (34, 4);
INSERT INTO public.basket_product (basket_id, product_id) VALUES (39, 1);
INSERT INTO public.basket_product (basket_id, product_id) VALUES (40, 6);
INSERT INTO public.basket_product (basket_id, product_id) VALUES (41, 6);
INSERT INTO public.basket_product (basket_id, product_id) VALUES (56, 5);
INSERT INTO public.basket_product (basket_id, product_id) VALUES (26, 1);
INSERT INTO public.basket_product (basket_id, product_id) VALUES (38, 1);
INSERT INTO public.basket_product (basket_id, product_id) VALUES (34, 1);
INSERT INTO public.basket_product (basket_id, product_id) VALUES (41, 5);
INSERT INTO public.basket_product (basket_id, product_id) VALUES (56, 5);
INSERT INTO public.basket_product (basket_id, product_id) VALUES (26, 1);
INSERT INTO public.basket_product (basket_id, product_id) VALUES (38, 1);
INSERT INTO public.basket_product (basket_id, product_id) VALUES (34, 2);
INSERT INTO public.basket_product (basket_id, product_id) VALUES (41, 6);
INSERT INTO public.basket_product (basket_id, product_id) VALUES (56, 6);
INSERT INTO public.basket_product (basket_id, product_id) VALUES (26, 1);
INSERT INTO public.basket_product (basket_id, product_id) VALUES (38, 2);
INSERT INTO public.basket_product (basket_id, product_id) VALUES (34, 3);
INSERT INTO public.basket_product (basket_id, product_id) VALUES (41, 5);
INSERT INTO public.basket_product (basket_id, product_id) VALUES (26, 1);
INSERT INTO public.basket_product (basket_id, product_id) VALUES (38, 2);
INSERT INTO public.basket_product (basket_id, product_id) VALUES (34, 2);
INSERT INTO public.basket_product (basket_id, product_id) VALUES (41, 5);
INSERT INTO public.basket_product (basket_id, product_id) VALUES (26, 2);
INSERT INTO public.basket_product (basket_id, product_id) VALUES (38, 3);
INSERT INTO public.basket_product (basket_id, product_id) VALUES (34, 1);
INSERT INTO public.basket_product (basket_id, product_id) VALUES (41, 6);
INSERT INTO public.basket_product (basket_id, product_id) VALUES (26, 1);
INSERT INTO public.basket_product (basket_id, product_id) VALUES (38, 2);
INSERT INTO public.basket_product (basket_id, product_id) VALUES (34, 5);
INSERT INTO public.basket_product (basket_id, product_id) VALUES (41, 5);
INSERT INTO public.basket_product (basket_id, product_id) VALUES (26, 2);
INSERT INTO public.basket_product (basket_id, product_id) VALUES (38, 1);
INSERT INTO public.basket_product (basket_id, product_id) VALUES (34, 4);
INSERT INTO public.basket_product (basket_id, product_id) VALUES (41, 6);
INSERT INTO public.basket_product (basket_id, product_id) VALUES (29, 2);
INSERT INTO public.basket_product (basket_id, product_id) VALUES (34, 4);
INSERT INTO public.basket_product (basket_id, product_id) VALUES (41, 5);
INSERT INTO public.basket_product (basket_id, product_id) VALUES (31, 1);
INSERT INTO public.basket_product (basket_id, product_id) VALUES (34, 2);
INSERT INTO public.basket_product (basket_id, product_id) VALUES (41, 6);
INSERT INTO public.basket_product (basket_id, product_id) VALUES (31, 1);
INSERT INTO public.basket_product (basket_id, product_id) VALUES (34, 2);
INSERT INTO public.basket_product (basket_id, product_id) VALUES (41, 5);
INSERT INTO public.basket_product (basket_id, product_id) VALUES (31, 1);
INSERT INTO public.basket_product (basket_id, product_id) VALUES (34, 1);
INSERT INTO public.basket_product (basket_id, product_id) VALUES (41, 5);
INSERT INTO public.basket_product (basket_id, product_id) VALUES (31, 1);
INSERT INTO public.basket_product (basket_id, product_id) VALUES (34, 2);
INSERT INTO public.basket_product (basket_id, product_id) VALUES (41, 5);
INSERT INTO public.basket_product (basket_id, product_id) VALUES (31, 1);
INSERT INTO public.basket_product (basket_id, product_id) VALUES (34, 3);
INSERT INTO public.basket_product (basket_id, product_id) VALUES (41, 6);
INSERT INTO public.basket_product (basket_id, product_id) VALUES (31, 3);
INSERT INTO public.basket_product (basket_id, product_id) VALUES (34, 3);
INSERT INTO public.basket_product (basket_id, product_id) VALUES (41, 6);
INSERT INTO public.basket_product (basket_id, product_id) VALUES (31, 2);
INSERT INTO public.basket_product (basket_id, product_id) VALUES (34, 5);
INSERT INTO public.basket_product (basket_id, product_id) VALUES (41, 6);
INSERT INTO public.basket_product (basket_id, product_id) VALUES (31, 3);
INSERT INTO public.basket_product (basket_id, product_id) VALUES (34, 4);
INSERT INTO public.basket_product (basket_id, product_id) VALUES (41, 6);
INSERT INTO public.basket_product (basket_id, product_id) VALUES (31, 2);
INSERT INTO public.basket_product (basket_id, product_id) VALUES (34, 1);
INSERT INTO public.basket_product (basket_id, product_id) VALUES (41, 5);
INSERT INTO public.basket_product (basket_id, product_id) VALUES (31, 2);
INSERT INTO public.basket_product (basket_id, product_id) VALUES (34, 3);
INSERT INTO public.basket_product (basket_id, product_id) VALUES (41, 5);
INSERT INTO public.basket_product (basket_id, product_id) VALUES (31, 1);
INSERT INTO public.basket_product (basket_id, product_id) VALUES (34, 3);
INSERT INTO public.basket_product (basket_id, product_id) VALUES (41, 6);
INSERT INTO public.basket_product (basket_id, product_id) VALUES (31, 3);
INSERT INTO public.basket_product (basket_id, product_id) VALUES (34, 3);
INSERT INTO public.basket_product (basket_id, product_id) VALUES (41, 6);
INSERT INTO public.basket_product (basket_id, product_id) VALUES (31, 1);
INSERT INTO public.basket_product (basket_id, product_id) VALUES (34, 3);
INSERT INTO public.basket_product (basket_id, product_id) VALUES (41, 5);
INSERT INTO public.basket_product (basket_id, product_id) VALUES (31, 2);
INSERT INTO public.basket_product (basket_id, product_id) VALUES (34, 1);
INSERT INTO public.basket_product (basket_id, product_id) VALUES (41, 5);
INSERT INTO public.basket_product (basket_id, product_id) VALUES (31, 2);
INSERT INTO public.basket_product (basket_id, product_id) VALUES (34, 2);
INSERT INTO public.basket_product (basket_id, product_id) VALUES (41, 6);
INSERT INTO public.basket_product (basket_id, product_id) VALUES (31, 2);
INSERT INTO public.basket_product (basket_id, product_id) VALUES (34, 2);
INSERT INTO public.basket_product (basket_id, product_id) VALUES (41, 6);
INSERT INTO public.basket_product (basket_id, product_id) VALUES (31, 1);
INSERT INTO public.basket_product (basket_id, product_id) VALUES (34, 4);
INSERT INTO public.basket_product (basket_id, product_id) VALUES (41, 6);
INSERT INTO public.basket_product (basket_id, product_id) VALUES (31, 3);
INSERT INTO public.basket_product (basket_id, product_id) VALUES (34, 4);
INSERT INTO public.basket_product (basket_id, product_id) VALUES (41, 3);
INSERT INTO public.basket_product (basket_id, product_id) VALUES (31, 3);
INSERT INTO public.basket_product (basket_id, product_id) VALUES (31, 2);
INSERT INTO public.basket_product (basket_id, product_id) VALUES (34, 5);
INSERT INTO public.basket_product (basket_id, product_id) VALUES (41, 4);
INSERT INTO public.basket_product (basket_id, product_id) VALUES (31, 1);
INSERT INTO public.basket_product (basket_id, product_id) VALUES (34, 3);
INSERT INTO public.basket_product (basket_id, product_id) VALUES (38, 6);
INSERT INTO public.basket_product (basket_id, product_id) VALUES (34, 6);
INSERT INTO public.basket_product (basket_id, product_id) VALUES (38, 5);
INSERT INTO public.basket_product (basket_id, product_id) VALUES (34, 1);
INSERT INTO public.basket_product (basket_id, product_id) VALUES (38, 6);
INSERT INTO public.basket_product (basket_id, product_id) VALUES (34, 6);
INSERT INTO public.basket_product (basket_id, product_id) VALUES (38, 5);
INSERT INTO public.basket_product (basket_id, product_id) VALUES (34, 6);
INSERT INTO public.basket_product (basket_id, product_id) VALUES (38, 5);
INSERT INTO public.basket_product (basket_id, product_id) VALUES (34, 6);
INSERT INTO public.basket_product (basket_id, product_id) VALUES (47, 5);
INSERT INTO public.basket_product (basket_id, product_id) VALUES (47, 5);
INSERT INTO public.basket_product (basket_id, product_id) VALUES (48, 6);
INSERT INTO public.basket_product (basket_id, product_id) VALUES (48, 6);
INSERT INTO public.basket_product (basket_id, product_id) VALUES (48, 5);
INSERT INTO public.basket_product (basket_id, product_id) VALUES (48, 5);
INSERT INTO public.basket_product (basket_id, product_id) VALUES (54, 6);
INSERT INTO public.basket_product (basket_id, product_id) VALUES (54, 5);
INSERT INTO public.basket_product (basket_id, product_id) VALUES (54, 5);
INSERT INTO public.carrier_company (id, the_number_of_trucks, company_id) VALUES (2, 0, 1);
INSERT INTO public.carrier_company (id, the_number_of_trucks, company_id) VALUES (3, 0, null);
INSERT INTO public.carrier_company (id, the_number_of_trucks, company_id) VALUES (1, 0, null);
INSERT INTO public.carrier_company (id, the_number_of_trucks, company_id) VALUES (4, 0, 17);
INSERT INTO public.carrier_company (id, the_number_of_trucks, company_id) VALUES (5, 0, 18);
INSERT INTO public.company (id, company_name, director_name, phone_number, requisite_id, user_id, carrier_id, customer_id, company_role) VALUES (18, 'OOO  "RafaelCar"', 'Marsel Rafaelievich', '+79872921934', null, 1, 5, null, 'Carrier');
INSERT INTO public.company (id, company_name, director_name, phone_number, requisite_id, user_id, carrier_id, customer_id, company_role) VALUES (20, 'IPv4 OLya', 'OLya', '+79276373687', null, 22, null, 8, 'Customer');
INSERT INTO public.company (id, company_name, director_name, phone_number, requisite_id, user_id, carrier_id, customer_id, company_role) VALUES (21, 'OOO "Express16"', 'Vasya Pupkin', '+79872921924', null, 23, null, 9, 'Customer');
INSERT INTO public.company (id, company_name, director_name, phone_number, requisite_id, user_id, carrier_id, customer_id, company_role) VALUES (19, 'OOO "RaCar"', 'Azino Rafael', '+79872921333', null, 21, null, 7, 'Customer');
INSERT INTO public.company (id, company_name, director_name, phone_number, requisite_id, user_id, carrier_id, customer_id, company_role) VALUES (9, 'OOO "JuLIK"', 'Azino Amigos', '8(777)292-13-44', null, 16, null, 5, 'Customer');
INSERT INTO public.company (id, company_name, director_name, phone_number, requisite_id, user_id, carrier_id, customer_id, company_role) VALUES (16, 'OOO "TransTAT"', 'Хуан Карлос', '8(789)116-13-36', null, 2, null, 6, 'Customer');
INSERT INTO public.company (id, company_name, director_name, phone_number, requisite_id, user_id, carrier_id, customer_id, company_role) VALUES (1, 'ИП Сидиков', 'Сидиков Марсель', '8(777)292-19-93', null, 1, 1, null, 'Carrier');
INSERT INTO public.company (id, company_name, director_name, phone_number, requisite_id, user_id, carrier_id, customer_id, company_role) VALUES (17, 'OAO TATCARTAT', 'Vladislav Alekseev', '+7(987)9136216', null, 18, 4, null, 'Carrier');
INSERT INTO public.customer_company (id, company_id) VALUES (5, 9);
INSERT INTO public.customer_company (id, company_id) VALUES (6, 16);
INSERT INTO public.customer_company (id, company_id) VALUES (7, 19);
INSERT INTO public.customer_company (id, company_id) VALUES (8, 20);
INSERT INTO public.customer_company (id, company_id) VALUES (9, 21);
INSERT INTO public.logistic_service_user (id, email, hash_password, first_name, last_name, address, phone_number, login, company_id, profile_img) VALUES (24, 'ivan99@gmail.ru', '$2a$10$KVkJLwKO3Qb2r0H.WmS/.OTJcZSbS1/GWfncAzYp37pNflvuLoexq', 'Ivan', 'Ivanov', 'Fuchike 88, Kazan', '+79872921967', 'avt_0105', null, '../img/user.jpg');
INSERT INTO public.logistic_service_user (id, email, hash_password, first_name, last_name, address, phone_number, login, company_id, profile_img) VALUES (11, 'umilka@mail.ru', '$2a$04$haa5TuuxGMha5EsBtXunbOlioV4W0GmhJ5Qbpqx6S9tQHcz2YDaD.', 'Emil', 'Sidor', 'Kazan, ...', '+79882929979', 'lmaoswager', null, '../img/user.jpg');
INSERT INTO public.logistic_service_user (id, email, hash_password, first_name, last_name, address, phone_number, login, company_id, profile_img) VALUES (20, 'customerexampleComp@yandex.ru', '$2a$10$ONUfTIX.RsVXOkFA/s2KOOYf0IIap8B5Obt/Wu5ejZ7OZSTT4RJCq', 'Ivan', 'Ivanov', 'Chebocksary', '+79772911333', 'ProCarrier', null, '../img/user.jpg');
INSERT INTO public.logistic_service_user (id, email, hash_password, first_name, last_name, address, phone_number, login, company_id, profile_img) VALUES (21, 'customerexample99@yandex.ru', '$2a$10$nu36YtzpUefcpo7yIkNcVufF3Re4x10FWjIcg3DmVHlXLQ2YdsdW6', 'Ivan', 'Sochkov', 'Chebocksary, st. Mirnaya d 18 kv 125', '+79872921963', 'SomeUser16', 19, '../img/user.jpg');
INSERT INTO public.logistic_service_user (id, email, hash_password, first_name, last_name, address, phone_number, login, company_id, profile_img) VALUES (22, 'rivaresam@gmail.com', '$2a$10$o4mnkVmKaCcMOAH.3gGRH.YiWtyVbpUMVOLsL0NdPqGjakrRsJVDC', 'Olya', 'KIlina', 'Kazan', '89274925454', 'Olya', 20, '../img/user.jpg');
INSERT INTO public.logistic_service_user (id, email, hash_password, first_name, last_name, address, phone_number, login, company_id, profile_img) VALUES (16, 'ivan9@gmail.ru', '$2a$10$4AH7j9cE.E5SxxZDePpe4uRQXYM.Q2QC9b6JaN7qiCq8oumT2GszW', 'Ivan', 'Ivanovich', 'Kazan, Fuchike 126 kv 46', '+7(987)9136216', 'ivan16', 9, '../img/user.jpg');
INSERT INTO public.logistic_service_user (id, email, hash_password, first_name, last_name, address, phone_number, login, company_id, profile_img) VALUES (17, 'aqua@ya.ru', '$2a$10$TRh8Z8.WLlV0NGxDepwnK.H.bu4AGtfnbScrdOt.z2SC.OvfzVWgi', 'qwe', 'qwrqt', null, null, 'aqua', null, '../img/user.jpg');
INSERT INTO public.logistic_service_user (id, email, hash_password, first_name, last_name, address, phone_number, login, company_id, profile_img) VALUES (18, 'nadin-alekseeva@ya.ru', '$2a$10$NSLsDLch8Ts7WpFBUudNEu/JAf64qYV8k97Y9r3vYm/HHnKnHH6QC', 'Nadin', 'Alekseeva', 'Kazan, Fuchike 126 kv 46', '+7(987)9236216', 'nadin16', 17, '../img/user.jpg');
INSERT INTO public.logistic_service_user (id, email, hash_password, first_name, last_name, address, phone_number, login, company_id, profile_img) VALUES (19, 'carlosboozer@mail.ru', '$2a$10$JUoxHngy2K3MtTOIxxZSIuESXYLc0mMrdhq78W63yCw9ZQ7AD23L.', 'Carlos', 'Boozer', 'Moskow, Pr. Mira 126 kv 78', '+7(987)9546216', 'Carlos16', null, '../img/user.jpg');
INSERT INTO public.logistic_service_user (id, email, hash_password, first_name, last_name, address, phone_number, login, company_id, profile_img) VALUES (4, 'upalsharnanogu@mail.ru', '$2a$04$haa5TuuxGMha5EsBtXunbOlioV4W0GmhJ5Qbpqx6S9tQHcz2YDaD.', 'Marsel', 'Sid', 'Kazan', '+7997-002-30', 'sid116', null, '../img/user.jpg');
INSERT INTO public.logistic_service_user (id, email, hash_password, first_name, last_name, address, phone_number, login, company_id, profile_img) VALUES (2, 'carlos@mail.ru', '$2a$10$SnKPjvJOMFpW89fCtMVmKewx/1djorM5REKc/2N753p3A5NHYU8oO', 'Marat', 'Carlos', 'Kazakhstan', '+798242124', 'Carlos116', 16, '../img/user.jpg');
INSERT INTO public.logistic_service_user (id, email, hash_password, first_name, last_name, address, phone_number, login, company_id, profile_img) VALUES (3, 'ivan@gmail.ru', '$2a$10$kQh5EENaKw4MhLxuFGEfgOMOTAY.hc4pvypzMZzWXxnCKxPPgCWYK', 'Ivan', 'Obыvan', 'Belarus', '294-23-23', 'obivanKenOBI', null, '../img/user.jpg');
INSERT INTO public.logistic_service_user (id, email, hash_password, first_name, last_name, address, phone_number, login, company_id, profile_img) VALUES (12, 'VlaAAlekseev@stud.kpfu.ru', 'qwerty001', 'Vladislav', 'Alekseev', 'Kzn', '+79872921965', 'VLADYAN', null, '../img/user.jpg');
INSERT INTO public.logistic_service_user (id, email, hash_password, first_name, last_name, address, phone_number, login, company_id, profile_img) VALUES (15, 'VldAAlekseev@stud.kpfu.ru', '$2a$10$g6u6lRorVCzpOIgI2AbEFOmBtmLaerHvjzF/eRELrn8xhWe72VciC', 'Vladislav', 'Alekseev', 'Kzn', '+79872921963', 'Vlad007', null, '../img/user.jpg');
INSERT INTO public.logistic_service_user (id, email, hash_password, first_name, last_name, address, phone_number, login, company_id, profile_img) VALUES (10, 'upaharnanogumarselu@mail.ru', '$2a$04$haa5TuuxGMha5EsBtXunbOlioV4W0GmhJ5Qbpqx6S9tQHcz2YDaD.', 'Marsel', 'Sidor', 'Kazan, ...', '+79882929979', 'lmaoswagger', null, '../img/user.jpg');
INSERT INTO public.logistic_service_user (id, email, hash_password, first_name, last_name, address, phone_number, login, company_id, profile_img) VALUES (1, 'sidikov.marsel@gmail.com', '$2a$10$kvD6sAkX3dj2vqTyu.4Vzuc2R5xRaojnq2JsTKFXSstZcLH79Fbg6', 'Marsel', 'Sidikov', 'Fuchike 128', '+79882929979', 'marselka007', 18, '../img/user.jpg');
INSERT INTO public.logistic_service_user (id, email, hash_password, first_name, last_name, address, phone_number, login, company_id, profile_img) VALUES (23, 'topcustomerexample@yandex.ru', null, null, 'Sochkov', 'Fuchike 88, Kazan', '+79872921924', 'CustomeR16', 21, '../img/user.jpg');
INSERT INTO public.product (id, product_name, price, description, product_img) VALUES (2, 'Термос', 1000, 'Thermos EveryNight-1000 - отличный термос, рассчитанный на интенсивную эксплуатацию. Большого объема (1 литр) хватит, чтобы обеспечить владельца любимым напитком на протяжении всего дня. Благодаря вакуумной изоляции и герметичности температура содержимого сохраняется в течение длительного периода: холод - 12 часов, тепло - 8. ', '../img/termos-thermos-everynight-1000.jpg');
INSERT INTO public.product (id, product_name, price, description, product_img) VALUES (1, 'Apelas CS-4108PMQ-6', 3500, 'Набор торцевых головок CS-4108PMQ 1/2" & 1/4" 6-гранных 108пр. APELAS', '../img/apelascs-410.jpg');
INSERT INTO public.product (id, product_name, price, description, product_img) VALUES (3, 'Защитные перчатки', 150, 'Для случая если что-то сломается', '../img/perchatki.png');
INSERT INTO public.product (id, product_name, price, description, product_img) VALUES (6, 'Alan 42', 4300, 'Радиостанции Алан 42 400каналов', '../img/lan42-600x800.jpg');
INSERT INTO public.product (id, product_name, price, description, product_img) VALUES (5, 'Маяк проблесковый на магните', 139, 'Маяк проблесковый на магните желтый 12V ( "стакан" h=140мм. в прикуриватель )', '../img/fonar-problesk-600x800.jpg');
INSERT INTO public.product (id, product_name, price, description, product_img) VALUES (4, 'Лента 5-10 тонн стяжки крепления груза', 257, 'Лента (08м. 50мм) 5-10 тонн стяжки (ремня) крепления груза (25шт уп)', '../img/lenta-600x800.jpg');
INSERT INTO public.tractor (id, registration_number, years_of_exploitation, mileage, carrier_company_id, driver_id, model, mark, type) VALUES (2, '7MFK46RU116', 3, 40000, null, null, null, null, null);
INSERT INTO public.trailer (id, registration_number, years_of_exploitation, mileage, tonnage, carrier_company_id, volume_in_cubic_meters, mark, type, inner_length, inner_width, inner_height) VALUES (2, '3BWE12RU116', 4, 12000, null, null, null, null, null, null, null, null);
